1871,01	5,32
1871,02	5,32
1871,03	5,33
1871,04	5,33
1871,05	5,33
1871,06	5,34
1871,07	5,34
1871,08	5,34
1871,09	5,35
1871,1	5,35
1871,11	5,35
1871,12	5,36
1872,01	5,36
1872,02	5,38
1872,03	5,40
1872,04	5,42
1872,05	5,43
1872,06	5,45
1872,07	5,47
1872,08	5,49
1872,09	5,51
1872,1	5,53
1872,11	5,54
1872,12	5,56
1873,01	5,58
1873,02	5,57
1873,03	5,56
1873,04	5,55
1873,05	5,54
1873,06	5,53
1873,07	5,53
1873,08	5,52
1873,09	5,51
1873,1	5,50
1873,11	5,49
1873,12	5,48
1874,01	5,47
1874,02	5,44
1874,03	5,40
1874,04	5,37
1874,05	5,34
1874,06	5,30
1874,07	5,27
1874,08	5,24
1874,09	5,20
1874,1	5,17
1874,11	5,14
1874,12	5,10
1875,01	5,07
1875,02	5,03
1875,03	4,99
1875,04	4,95
1875,05	4,91
1875,06	4,87
1875,07	4,83
1875,08	4,79
1875,09	4,75
1875,1	4,71
1875,11	4,67
1875,12	4,63
1876,01	4,59
1876,02	4,58
1876,03	4,57
1876,04	4,56
1876,05	4,54
1876,06	4,53
1876,07	4,52
1876,08	4,51
1876,09	4,50
1876,1	4,49
1876,11	4,47
1876,12	4,46
1877,01	4,45
1877,02	4,44
1877,03	4,43
1877,04	4,42
1877,05	4,41
1877,06	4,40
1877,07	4,40
1877,08	4,39
1877,09	4,38
1877,1	4,37
1877,11	4,36
1877,12	4,35
1878,01	4,34
1878,02	4,33
1878,03	4,32
1878,04	4,31
1878,05	4,30
1878,06	4,29
1878,07	4,28
1878,08	4,27
1878,09	4,26
1878,1	4,25
1878,11	4,24
1878,12	4,23
1879,01	4,22
1879,02	4,20
1879,03	4,19
1879,04	4,17
1879,05	4,15
1879,06	4,14
1879,07	4,12
1879,08	4,10
1879,09	4,09
1879,1	4,07
1879,11	4,05
1879,12	4,04
1880,01	4,02
1880,02	3,99
1880,03	3,97
1880,04	3,94
1880,05	3,91
1880,06	3,89
1880,07	3,86
1880,08	3,83
1880,09	3,81
1880,1	3,78
1880,11	3,75
1880,12	3,73
1881,01	3,70
1881,02	3,69
1881,03	3,69
1881,04	3,68
1881,05	3,67
1881,06	3,67
1881,07	3,66
1881,08	3,65
1881,09	3,65
1881,1	3,64
1881,11	3,63
1881,12	3,63
1882,01	3,62
1882,02	3,62
1882,03	3,62
1882,04	3,62
1882,05	3,62
1882,06	3,62
1882,07	3,63
1882,08	3,63
1882,09	3,63
1882,1	3,63
1882,11	3,63
1882,12	3,63
1883,01	3,63
1883,02	3,63
1883,03	3,63
1883,04	3,63
1883,05	3,63
1883,06	3,63
1883,07	3,63
1883,08	3,62
1883,09	3,62
1883,1	3,62
1883,11	3,62
1883,12	3,62
1884,01	3,62
1884,02	3,61
1884,03	3,60
1884,04	3,60
1884,05	3,59
1884,06	3,58
1884,07	3,57
1884,08	3,56
1884,09	3,55
1884,1	3,55
1884,11	3,54
1884,12	3,53
1885,01	3,52
1885,02	3,51
1885,03	3,50
1885,04	3,48
1885,05	3,47
1885,06	3,46
1885,07	3,45
1885,08	3,43
1885,09	3,42
1885,1	3,41
1885,11	3,40
1885,12	3,38
1886,01	3,37
1886,02	3,38
1886,03	3,40
1886,04	3,41
1886,05	3,42
1886,06	3,43
1886,07	3,45
1886,08	3,46
1886,09	3,47
1886,1	3,48
1886,11	3,50
1886,12	3,51
1887,01	3,52
1887,02	3,53
1887,03	3,55
1887,04	3,56
1887,05	3,57
1887,06	3,58
1887,07	3,60
1887,08	3,61
1887,09	3,62
1887,1	3,63
1887,11	3,65
1887,12	3,66
1888,01	3,67
1888,02	3,65
1888,03	3,63
1888,04	3,62
1888,05	3,60
1888,06	3,58
1888,07	3,56
1888,08	3,54
1888,09	3,52
1888,1	3,51
1888,11	3,49
1888,12	3,47
1889,01	3,45
1889,02	3,45
1889,03	3,45
1889,04	3,44
1889,05	3,44
1889,06	3,44
1889,07	3,44
1889,08	3,43
1889,09	3,43
1889,1	3,43
1889,11	3,43
1889,12	3,42
1890,01	3,42
1890,02	3,44
1890,03	3,45
1890,04	3,47
1890,05	3,49
1890,06	3,50
1890,07	3,52
1890,08	3,54
1890,09	3,55
1890,1	3,57
1890,11	3,59
1890,12	3,60
1891,01	3,62
1891,02	3,62
1891,03	3,62
1891,04	3,62
1891,05	3,61
1891,06	3,61
1891,07	3,61
1891,08	3,61
1891,09	3,61
1891,1	3,61
1891,11	3,60
1891,12	3,60
1892,01	3,60
1892,02	3,61
1892,03	3,63
1892,04	3,64
1892,05	3,65
1892,06	3,66
1892,07	3,68
1892,08	3,69
1892,09	3,70
1892,1	3,71
1892,11	3,73
1892,12	3,74
1893,01	3,75
1893,02	3,75
1893,03	3,74
1893,04	3,74
1893,05	3,73
1893,06	3,73
1893,07	3,73
1893,08	3,72
1893,09	3,72
1893,1	3,71
1893,11	3,71
1893,12	3,70
1894,01	3,70
1894,02	3,68
1894,03	3,66
1894,04	3,64
1894,05	3,62
1894,06	3,60
1894,07	3,58
1894,08	3,56
1894,09	3,54
1894,1	3,52
1894,11	3,50
1894,12	3,48
1895,01	3,46
1895,02	3,47
1895,03	3,48
1895,04	3,50
1895,05	3,51
1895,06	3,52
1895,07	3,53
1895,08	3,54
1895,09	3,55
1895,1	3,57
1895,11	3,58
1895,12	3,59
1896,01	3,60
1896,02	3,58
1896,03	3,57
1896,04	3,55
1896,05	3,53
1896,06	3,52
1896,07	3,50
1896,08	3,48
1896,09	3,47
1896,1	3,45
1896,11	3,43
1896,12	3,42
1897,01	3,40
1897,02	3,40
1897,03	3,39
1897,04	3,39
1897,05	3,38
1897,06	3,38
1897,07	3,38
1897,08	3,37
1897,09	3,37
1897,1	3,36
1897,11	3,36
1897,12	3,35
1898,01	3,35
1898,02	3,33
1898,03	3,31
1898,04	3,29
1898,05	3,27
1898,06	3,25
1898,07	3,23
1898,08	3,20
1898,09	3,18
1898,1	3,16
1898,11	3,14
1898,12	3,12
1899,01	3,10
1899,02	3,10
1899,03	3,11
1899,04	3,11
1899,05	3,12
1899,06	3,12
1899,07	3,13
1899,08	3,13
1899,09	3,13
1899,1	3,14
1899,11	3,14
1899,12	3,15
1900,01	3,15
1900,02	3,15
1900,03	3,14
1900,04	3,14
1900,05	3,13
1900,06	3,13
1900,07	3,13
1900,08	3,12
1900,09	3,12
1900,1	3,11
1900,11	3,11
1900,12	3,10
1901,01	3,10
1901,02	3,11
1901,03	3,11
1901,04	3,12
1901,05	3,13
1901,06	3,13
1901,07	3,14
1901,08	3,15
1901,09	3,15
1901,1	3,16
1901,11	3,17
1901,12	3,17
1902,01	3,18
1902,02	3,19
1902,03	3,20
1902,04	3,21
1902,05	3,22
1902,06	3,23
1902,07	3,24
1902,08	3,25
1902,09	3,26
1902,1	3,27
1902,11	3,28
1902,12	3,29
1903,01	3,30
1903,02	3,31
1903,03	3,32
1903,04	3,33
1903,05	3,33
1903,06	3,34
1903,07	3,35
1903,08	3,36
1903,09	3,37
1903,1	3,38
1903,11	3,38
1903,12	3,39
1904,01	3,40
1904,02	3,41
1904,03	3,41
1904,04	3,42
1904,05	3,43
1904,06	3,43
1904,07	3,44
1904,08	3,45
1904,09	3,45
1904,1	3,46
1904,11	3,47
1904,12	3,47
1905,01	3,48
1905,02	3,48
1905,03	3,47
1905,04	3,47
1905,05	3,46
1905,06	3,46
1905,07	3,46
1905,08	3,45
1905,09	3,45
1905,1	3,44
1905,11	3,44
1905,12	3,43
1906,01	3,43
1906,02	3,45
1906,03	3,47
1906,04	3,49
1906,05	3,51
1906,06	3,53
1906,07	3,55
1906,08	3,57
1906,09	3,59
1906,1	3,61
1906,11	3,63
1906,12	3,65
1907,01	3,67
1907,02	3,69
1907,03	3,70
1907,04	3,72
1907,05	3,74
1907,06	3,75
1907,07	3,77
1907,08	3,79
1907,09	3,80
1907,1	3,82
1907,11	3,84
1907,12	3,85
1908,01	3,87
1908,02	3,86
1908,03	3,85
1908,04	3,84
1908,05	3,83
1908,06	3,82
1908,07	3,82
1908,08	3,81
1908,09	3,80
1908,1	3,79
1908,11	3,78
1908,12	3,77
1909,01	3,76
1909,02	3,77
1909,03	3,79
1909,04	3,80
1909,05	3,81
1909,06	3,82
1909,07	3,84
1909,08	3,85
1909,09	3,86
1909,1	3,87
1909,11	3,89
1909,12	3,90
1910,01	3,91
1910,02	3,92
1910,03	3,92
1910,04	3,93
1910,05	3,93
1910,06	3,94
1910,07	3,95
1910,08	3,95
1910,09	3,96
1910,1	3,96
1910,11	3,97
1910,12	3,97
1911,01	3,98
1911,02	3,98
1911,03	3,99
1911,04	3,99
1911,05	3,99
1911,06	3,99
1911,07	4,00
1911,08	4,00
1911,09	4,00
1911,1	4,00
1911,11	4,01
1911,12	4,01
1912,01	4,01
1912,02	4,05
1912,03	4,08
1912,04	4,12
1912,05	4,16
1912,06	4,19
1912,07	4,23
1912,08	4,27
1912,09	4,30
1912,1	4,34
1912,11	4,38
1912,12	4,41
1913,01	4,45
1913,02	4,43
1913,03	4,40
1913,04	4,38
1913,05	4,35
1913,06	4,33
1913,07	4,31
1913,08	4,28
1913,09	4,26
1913,1	4,23
1913,11	4,21
1913,12	4,18
1914,01	4,16
1914,02	4,17
1914,03	4,17
1914,04	4,18
1914,05	4,19
1914,06	4,19
1914,07	4,20
1914,08	4,21
1914,09	4,21
1914,1	4,22
1914,11	4,23
1914,12	4,23
1915,01	4,24
1915,02	4,22
1915,03	4,21
1915,04	4,19
1915,05	4,18
1915,06	4,16
1915,07	4,15
1915,08	4,13
1915,09	4,11
1915,1	4,10
1915,11	4,08
1915,12	4,07
1916,01	4,05
1916,02	4,07
1916,03	4,08
1916,04	4,10
1916,05	4,11
1916,06	4,13
1916,07	4,14
1916,08	4,16
1916,09	4,17
1916,1	4,19
1916,11	4,20
1916,12	4,22
1917,01	4,23
1917,02	4,26
1917,03	4,29
1917,04	4,32
1917,05	4,34
1917,06	4,37
1917,07	4,40
1917,08	4,43
1917,09	4,46
1917,1	4,49
1917,11	4,51
1917,12	4,54
1918,01	4,57
1918,02	4,56
1918,03	4,56
1918,04	4,55
1918,05	4,55
1918,06	4,54
1918,07	4,54
1918,08	4,53
1918,09	4,52
1918,1	4,52
1918,11	4,51
1918,12	4,51
1919,01	4,50
1919,02	4,54
1919,03	4,58
1919,04	4,62
1919,05	4,66
1919,06	4,70
1919,07	4,74
1919,08	4,77
1919,09	4,81
1919,1	4,85
1919,11	4,89
1919,12	4,93
1920,01	4,97
1920,02	4,98
1920,03	4,99
1920,04	5,00
1920,05	5,01
1920,06	5,02
1920,07	5,03
1920,08	5,04
1920,09	5,05
1920,1	5,06
1920,11	5,07
1920,12	5,08
1921,01	5,09
1921,02	5,02
1921,03	4,96
1921,04	4,89
1921,05	4,83
1921,06	4,76
1921,07	4,70
1921,08	4,63
1921,09	4,56
1921,1	4,50
1921,11	4,43
1921,12	4,37
1922,01	4,30
1922,02	4,31
1922,03	4,31
1922,04	4,32
1922,05	4,32
1922,06	4,33
1922,07	4,33
1922,08	4,34
1922,09	4,34
1922,1	4,35
1922,11	4,35
1922,12	4,36
1923,01	4,36
1923,02	4,34
1923,03	4,31
1923,04	4,29
1923,05	4,26
1923,06	4,24
1923,07	4,21
1923,08	4,19
1923,09	4,16
1923,1	4,14
1923,11	4,11
1923,12	4,09
1924,01	4,06
1924,02	4,04
1924,03	4,03
1924,04	4,01
1924,05	3,99
1924,06	3,98
1924,07	3,96
1924,08	3,94
1924,09	3,93
1924,1	3,91
1924,11	3,89
1924,12	3,88
1925,01	3,86
1925,02	3,85
1925,03	3,83
1925,04	3,82
1925,05	3,80
1925,06	3,79
1925,07	3,77
1925,08	3,76
1925,09	3,74
1925,1	3,73
1925,11	3,71
1925,12	3,70
1926,01	3,68
1926,02	3,65
1926,03	3,62
1926,04	3,60
1926,05	3,57
1926,06	3,54
1926,07	3,51
1926,08	3,48
1926,09	3,45
1926,1	3,43
1926,11	3,40
1926,12	3,37
1927,01	3,34
1927,02	3,34
1927,03	3,34
1927,04	3,34
1927,05	3,34
1927,06	3,34
1927,07	3,34
1927,08	3,33
1927,09	3,33
1927,1	3,33
1927,11	3,33
1927,12	3,33
1928,01	3,33
1928,02	3,35
1928,03	3,38
1928,04	3,40
1928,05	3,42
1928,06	3,44
1928,07	3,47
1928,08	3,49
1928,09	3,51
1928,1	3,53
1928,11	3,56
1928,12	3,58
1929,01	3,60
1929,02	3,57
1929,03	3,55
1929,04	3,52
1929,05	3,50
1929,06	3,47
1929,07	3,45
1929,08	3,42
1929,09	3,39
1929,1	3,37
1929,11	3,34
1929,12	3,32
1930,01	3,29
1930,02	3,29
1930,03	3,30
1930,04	3,30
1930,05	3,31
1930,06	3,31
1930,07	3,32
1930,08	3,32
1930,09	3,32
1930,1	3,33
1930,11	3,33
1930,12	3,34
1931,01	3,34
1931,02	3,37
1931,03	3,40
1931,04	3,43
1931,05	3,45
1931,06	3,48
1931,07	3,51
1931,08	3,54
1931,09	3,57
1931,1	3,60
1931,11	3,62
1931,12	3,65
1932,01	3,68
1932,02	3,65
1932,03	3,62
1932,04	3,59
1932,05	3,56
1932,06	3,53
1932,07	3,50
1932,08	3,46
1932,09	3,43
1932,1	3,40
1932,11	3,37
1932,12	3,34
1933,01	3,31
1933,02	3,29
1933,03	3,28
1933,04	3,26
1933,05	3,25
1933,06	3,23
1933,07	3,22
1933,08	3,20
1933,09	3,18
1933,1	3,17
1933,11	3,15
1933,12	3,14
1934,01	3,12
1934,02	3,09
1934,03	3,07
1934,04	3,04
1934,05	3,01
1934,06	2,98
1934,07	2,96
1934,08	2,93
1934,09	2,90
1934,1	2,87
1934,11	2,85
1934,12	2,82
1935,01	2,79
1935,02	2,78
1935,03	2,77
1935,04	2,76
1935,05	2,74
1935,06	2,73
1935,07	2,72
1935,08	2,71
1935,09	2,70
1935,1	2,69
1935,11	2,67
1935,12	2,66
1936,01	2,65
1936,02	2,65
1936,03	2,66
1936,04	2,66
1936,05	2,66
1936,06	2,66
1936,07	2,67
1936,08	2,67
1936,09	2,67
1936,1	2,67
1936,11	2,68
1936,12	2,68
1937,01	2,68
1937,02	2,67
1937,03	2,66
1937,04	2,65
1937,05	2,64
1937,06	2,63
1937,07	2,62
1937,08	2,61
1937,09	2,60
1937,1	2,59
1937,11	2,58
1937,12	2,57
1938,01	2,56
1938,02	2,54
1938,03	2,53
1938,04	2,51
1938,05	2,49
1938,06	2,48
1938,07	2,46
1938,08	2,44
1938,09	2,43
1938,1	2,41
1938,11	2,39
1938,12	2,38
1939,01	2,36
1939,02	2,35
1939,03	2,34
1939,04	2,32
1939,05	2,31
1939,06	2,30
1939,07	2,29
1939,08	2,27
1939,09	2,26
1939,1	2,25
1939,11	2,24
1939,12	2,22
1940,01	2,21
1940,02	2,19
1940,03	2,17
1940,04	2,15
1940,05	2,12
1940,06	2,10
1940,07	2,08
1940,08	2,06
1940,09	2,04
1940,1	2,02
1940,11	1,99
1940,12	1,97
1941,01	1,95
1941,02	1,99
1941,03	2,04
1941,04	2,08
1941,05	2,12
1941,06	2,16
1941,07	2,21
1941,08	2,25
1941,09	2,29
1941,1	2,33
1941,11	2,38
1941,12	2,42
1942,01	2,46
1942,02	2,46
1942,03	2,46
1942,04	2,46
1942,05	2,46
1942,06	2,46
1942,07	2,47
1942,08	2,47
1942,09	2,47
1942,1	2,47
1942,11	2,47
1942,12	2,47
1943,01	2,47
1943,02	2,47
1943,03	2,47
1943,04	2,47
1943,05	2,47
1943,06	2,47
1943,07	2,48
1943,08	2,48
1943,09	2,48
1943,1	2,48
1943,11	2,48
1943,12	2,48
1944,01	2,48
1944,02	2,47
1944,03	2,46
1944,04	2,45
1944,05	2,44
1944,06	2,43
1944,07	2,43
1944,08	2,42
1944,09	2,41
1944,1	2,40
1944,11	2,39
1944,12	2,38
1945,01	2,37
1945,02	2,36
1945,03	2,34
1945,04	2,33
1945,05	2,31
1945,06	2,30
1945,07	2,28
1945,08	2,27
1945,09	2,25
1945,1	2,24
1945,11	2,22
1945,12	2,21
1946,01	2,19
1946,02	2,20
1946,03	2,20
1946,04	2,21
1946,05	2,21
1946,06	2,22
1946,07	2,22
1946,08	2,23
1946,09	2,23
1946,1	2,24
1946,11	2,24
1946,12	2,25
1947,01	2,25
1947,02	2,27
1947,03	2,28
1947,04	2,30
1947,05	2,31
1947,06	2,33
1947,07	2,35
1947,08	2,36
1947,09	2,38
1947,1	2,39
1947,11	2,41
1947,12	2,42
1948,01	2,44
1948,02	2,43
1948,03	2,42
1948,04	2,41
1948,05	2,40
1948,06	2,39
1948,07	2,38
1948,08	2,36
1948,09	2,35
1948,1	2,34
1948,11	2,33
1948,12	2,32
1949,01	2,31
1949,02	2,31
1949,03	2,31
1949,04	2,31
1949,05	2,31
1949,06	2,31
1949,07	2,32
1949,08	2,32
1949,09	2,32
1949,1	2,32
1949,11	2,32
1949,12	2,32
1950,01	2,32
1950,02	2,34
1950,03	2,36
1950,04	2,38
1950,05	2,40
1950,06	2,42
1950,07	2,45
1950,08	2,47
1950,09	2,49
1950,1	2,51
1950,11	2,53
1950,12	2,55
1951,01	2,57
1951,02	2,58
1951,03	2,59
1951,04	2,60
1951,05	2,61
1951,06	2,62
1951,07	2,63
1951,08	2,63
1951,09	2,64
1951,1	2,65
1951,11	2,66
1951,12	2,67
1952,01	2,68
1952,02	2,69
1952,03	2,71
1952,04	2,72
1952,05	2,73
1952,06	2,74
1952,07	2,76
1952,08	2,77
1952,09	2,78
1952,1	2,79
1952,11	2,81
1952,12	2,82
1953,01	2,83
1953,02	2,80
1953,03	2,77
1953,04	2,83
1953,05	3,05
1953,06	3,11
1953,07	2,93
1953,08	2,95
1953,09	2,87
1953,1	2,66
1953,11	2,68
1953,12	2,59
1954,01	2,48
1954,02	2,47
1954,03	2,37
1954,04	2,29
1954,05	2,37
1954,06	2,38
1954,07	2,30
1954,08	2,36
1954,09	2,38
1954,1	2,43
1954,11	2,48
1954,12	2,51
1955,01	2,61
1955,02	2,65
1955,03	2,68
1955,04	2,75
1955,05	2,76
1955,06	2,78
1955,07	2,90
1955,08	2,97
1955,09	2,97
1955,1	2,88
1955,11	2,89
1955,12	2,96
1956,01	2,90
1956,02	2,84
1956,03	2,96
1956,04	3,18
1956,05	3,07
1956,06	3,00
1956,07	3,11
1956,08	3,33
1956,09	3,38
1956,1	3,34
1956,11	3,49
1956,12	3,59
1957,01	3,46
1957,02	3,34
1957,03	3,41
1957,04	3,48
1957,05	3,60
1957,06	3,80
1957,07	3,93
1957,08	3,93
1957,09	3,92
1957,1	3,97
1957,11	3,72
1957,12	3,21
1958,01	3,09
1958,02	3,05
1958,03	2,98
1958,04	2,88
1958,05	2,92
1958,06	2,97
1958,07	3,20
1958,08	3,54
1958,09	3,76
1958,1	3,80
1958,11	3,74
1958,12	3,86
1959,01	4,02
1959,02	3,96
1959,03	3,99
1959,04	4,12
1959,05	4,31
1959,06	4,34
1959,07	4,40
1959,08	4,43
1959,09	4,68
1959,1	4,53
1959,11	4,53
1959,12	4,69
1960,01	4,72
1960,02	4,49
1960,03	4,25
1960,04	4,28
1960,05	4,35
1960,06	4,15
1960,07	3,90
1960,08	3,80
1960,09	3,80
1960,1	3,89
1960,11	3,93
1960,12	3,84
1961,01	3,84
1961,02	3,78
1961,03	3,74
1961,04	3,78
1961,05	3,71
1961,06	3,88
1961,07	3,92
1961,08	4,04
1961,09	3,98
1961,1	3,92
1961,11	3,94
1961,12	4,06
1962,01	4,08
1962,02	4,04
1962,03	3,93
1962,04	3,84
1962,05	3,87
1962,06	3,91
1962,07	4,01
1962,08	3,98
1962,09	3,98
1962,1	3,93
1962,11	3,92
1962,12	3,86
1963,01	3,83
1963,02	3,92
1963,03	3,93
1963,04	3,97
1963,05	3,93
1963,06	3,99
1963,07	4,02
1963,08	4,00
1963,09	4,08
1963,1	4,11
1963,11	4,12
1963,12	4,13
1964,01	4,17
1964,02	4,15
1964,03	4,22
1964,04	4,23
1964,05	4,20
1964,06	4,17
1964,07	4,19
1964,08	4,19
1964,09	4,20
1964,1	4,19
1964,11	4,15
1964,12	4,18
1965,01	4,19
1965,02	4,21
1965,03	4,21
1965,04	4,20
1965,05	4,21
1965,06	4,21
1965,07	4,20
1965,08	4,25
1965,09	4,29
1965,1	4,35
1965,11	4,45
1965,12	4,62
1966,01	4,61
1966,02	4,83
1966,03	4,87
1966,04	4,75
1966,05	4,78
1966,06	4,81
1966,07	5,02
1966,08	5,22
1966,09	5,18
1966,1	5,01
1966,11	5,16
1966,12	4,84
1967,01	4,58
1967,02	4,63
1967,03	4,54
1967,04	4,59
1967,05	4,85
1967,06	5,02
1967,07	5,16
1967,08	5,28
1967,09	5,30
1967,1	5,48
1967,11	5,75
1967,12	5,70
1968,01	5,53
1968,02	5,56
1968,03	5,74
1968,04	5,64
1968,05	5,87
1968,06	5,72
1968,07	5,50
1968,08	5,42
1968,09	5,46
1968,1	5,58
1968,11	5,70
1968,12	6,03
1969,01	6,04
1969,02	6,19
1969,03	6,30
1969,04	6,17
1969,05	6,32
1969,06	6,57
1969,07	6,72
1969,08	6,69
1969,09	7,16
1969,1	7,10
1969,11	7,14
1969,12	7,65
1970,01	7,79
1970,02	7,24
1970,03	7,07
1970,04	7,39
1970,05	7,91
1970,06	7,84
1970,07	7,46
1970,08	7,53
1970,09	7,39
1970,1	7,33
1970,11	6,84
1970,12	6,39
1971,01	6,24
1971,02	6,11
1971,03	5,70
1971,04	5,83
1971,05	6,39
1971,06	6,52
1971,07	6,73
1971,08	6,58
1971,09	6,14
1971,1	5,93
1971,11	5,81
1971,12	5,93
1972,01	5,95
1972,02	6,08
1972,03	6,07
1972,04	6,19
1972,05	6,13
1972,06	6,11
1972,07	6,11
1972,08	6,21
1972,09	6,55
1972,1	6,48
1972,11	6,28
1972,12	6,36
1973,01	6,46
1973,02	6,64
1973,03	6,71
1973,04	6,67
1973,05	6,85
1973,06	6,90
1973,07	7,13
1973,08	7,40
1973,09	7,09
1973,1	6,79
1973,11	6,73
1973,12	6,74
1974,01	6,99
1974,02	6,96
1974,03	7,21
1974,04	7,51
1974,05	7,58
1974,06	7,54
1974,07	7,81
1974,08	8,04
1974,09	8,04
1974,1	7,90
1974,11	7,68
1974,12	7,43
1975,01	7,50
1975,02	7,39
1975,03	7,73
1975,04	8,23
1975,05	8,06
1975,06	7,86
1975,07	8,06
1975,08	8,40
1975,09	8,43
1975,1	8,14
1975,11	8,05
1975,12	8,00
1976,01	7,74
1976,02	7,79
1976,03	7,73
1976,04	7,56
1976,05	7,90
1976,06	7,86
1976,07	7,83
1976,08	7,77
1976,09	7,59
1976,1	7,41
1976,11	7,29
1976,12	6,87
1977,01	7,21
1977,02	7,39
1977,03	7,46
1977,04	7,37
1977,05	7,46
1977,06	7,28
1977,07	7,33
1977,08	7,40
1977,09	7,34
1977,1	7,52
1977,11	7,58
1977,12	7,69
1978,01	7,96
1978,02	8,03
1978,03	8,04
1978,04	8,15
1978,05	8,35
1978,06	8,46
1978,07	8,64
1978,08	8,41
1978,09	8,42
1978,1	8,64
1978,11	8,81
1978,12	9,01
1979,01	9,10
1979,02	9,10
1979,03	9,12
1979,04	9,18
1979,05	9,25
1979,06	8,91
1979,07	8,95
1979,08	9,03
1979,09	9,33
1979,1	10,30
1979,11	10,65
1979,12	10,39
1980,01	10,80
1980,02	12,41
1980,03	12,75
1980,04	11,47
1980,05	10,18
1980,06	9,78
1980,07	10,25
1980,08	11,10
1980,09	11,51
1980,1	11,75
1980,11	12,68
1980,12	12,84
1981,01	12,57
1981,02	13,19
1981,03	13,12
1981,04	13,68
1981,05	14,10
1981,06	13,47
1981,07	14,28
1981,08	14,94
1981,09	15,32
1981,1	15,15
1981,11	13,39
1981,12	13,72
1982,01	14,59
1982,02	14,43
1982,03	13,86
1982,04	13,87
1982,05	13,62
1982,06	14,30
1982,07	13,95
1982,08	13,06
1982,09	12,34
1982,1	10,91
1982,11	10,55
1982,12	10,54
1983,01	10,46
1983,02	10,72
1983,03	10,51
1983,04	10,40
1983,05	10,38
1983,06	10,85
1983,07	11,38
1983,08	11,85
1983,09	11,65
1983,1	11,54
1983,11	11,69
1983,12	11,83
1984,01	11,67
1984,02	11,84
1984,03	12,32
1984,04	12,63
1984,05	13,41
1984,06	13,56
1984,07	13,36
1984,08	12,72
1984,09	12,52
1984,1	12,16
1984,11	11,57
1984,12	11,50
1985,01	11,38
1985,02	11,51
1985,03	11,86
1985,04	11,43
1985,05	10,85
1985,06	10,16
1985,07	10,31
1985,08	10,33
1985,09	10,37
1985,1	10,24
1985,11	9,78
1985,12	9,26
1986,01	9,19
1986,02	8,70
1986,03	7,78
1986,04	7,30
1986,05	7,71
1986,06	7,80
1986,07	7,30
1986,08	7,17
1986,09	7,45
1986,1	7,43
1986,11	7,25
1986,12	7,11
1987,01	7,08
1987,02	7,25
1987,03	7,25
1987,04	8,02
1987,05	8,61
1987,06	8,40
1987,07	8,45
1987,08	8,76
1987,09	9,42
1987,1	9,52
1987,11	8,86
1987,12	8,99
1988,01	8,67
1988,02	8,21
1988,03	8,37
1988,04	8,72
1988,05	9,09
1988,06	8,92
1988,07	9,06
1988,08	9,26
1988,09	8,98
1988,1	8,80
1988,11	8,96
1988,12	9,11
1989,01	9,09
1989,02	9,17
1989,03	9,36
1989,04	9,18
1989,05	8,86
1989,06	8,28
1989,07	8,02
1989,08	8,11
1989,09	8,19
1989,1	8,01
1989,11	7,87
1989,12	7,84
1990,01	8,21
1990,02	8,47
1990,03	8,59
1990,04	8,79
1990,05	8,76
1990,06	8,48
1990,07	8,47
1990,08	8,75
1990,09	8,89
1990,1	8,72
1990,11	8,39
1990,12	8,08
1991,01	8,09
1991,02	7,85
1991,03	8,11
1991,04	8,04
1991,05	8,07
1991,06	8,28
1991,07	8,27
1991,08	7,90
1991,09	7,65
1991,1	7,53
1991,11	7,42
1991,12	7,09
1992,01	7,03
1992,02	7,34
1992,03	7,54
1992,04	7,48
1992,05	7,39
1992,06	7,26
1992,07	6,84
1992,08	6,59
1992,09	6,42
1992,1	6,59
1992,11	6,87
1992,12	6,77
1993,01	6,60
1993,02	6,26
1993,03	5,98
1993,04	5,97
1993,05	6,04
1993,06	5,96
1993,07	5,81
1993,08	5,68
1993,09	5,36
1993,1	5,33
1993,11	5,72
1993,12	5,77
1994,01	5,75
1994,02	5,97
1994,03	6,48
1994,04	6,97
1994,05	7,18
1994,06	7,10
1994,07	7,30
1994,08	7,24
1994,09	7,46
1994,1	7,74
1994,11	7,96
1994,12	7,81
1995,01	7,78
1995,02	7,47
1995,03	7,20
1995,04	7,06
1995,05	6,63
1995,06	6,17
1995,07	6,28
1995,08	6,49
1995,09	6,20
1995,1	6,04
1995,11	5,93
1995,12	5,71
1996,01	5,65
1996,02	5,81
1996,03	6,27
1996,04	6,51
1996,05	6,74
1996,06	6,91
1996,07	6,87
1996,08	6,64
1996,09	6,83
1996,1	6,53
1996,11	6,20
1996,12	6,30
1997,01	6,58
1997,02	6,42
1997,03	6,69
1997,04	6,89
1997,05	6,71
1997,06	6,49
1997,07	6,22
1997,08	6,30
1997,09	6,21
1997,1	6,03
1997,11	5,88
1997,12	5,81
1998,01	5,54
1998,02	5,57
1998,03	5,65
1998,04	5,64
1998,05	5,65
1998,06	5,50
1998,07	5,46
1998,08	5,34
1998,09	4,81
1998,1	4,53
1998,11	4,83
1998,12	4,65
1999,01	4,72
1999,02	5,00
1999,03	5,23
1999,04	5,18
1999,05	5,54
1999,06	5,90
1999,07	5,79
1999,08	5,94
1999,09	5,92
1999,1	6,11
1999,11	6,03
1999,12	6,28
2000,01	6,66
2000,02	6,52
2000,03	6,26
2000,04	5,99
2000,05	6,44
2000,06	6,10
2000,07	6,05
2000,08	5,83
2000,09	5,80
2000,1	5,74
2000,11	5,72
2000,12	5,24
2001,01	5,16
2001,02	5,10
2001,03	4,89
2001,04	5,14
2001,05	5,39
2001,06	5,28
2001,07	5,24
2001,08	4,97
2001,09	4,73
2001,1	4,57
2001,11	4,65
2001,12	5,09
2002,01	5,04
2002,02	4,91
2002,03	5,28
2002,04	5,21
2002,05	5,16
2002,06	4,93
2002,07	4,65
2002,08	4,26
2002,09	3,87
2002,1	3,94
2002,11	4,05
2002,12	4,03
2003,01	4,05
2003,02	3,90
2003,03	3,81
2003,04	3,96
2003,05	3,57
2003,06	3,33
2003,07	3,98
2003,08	4,45
2003,09	4,27
2003,1	4,29
2003,11	4,30
2003,12	4,27
2004,01	4,15
2004,02	4,08
2004,03	3,83
2004,04	4,35
2004,05	4,72
2004,06	4,73
2004,07	4,50
2004,08	4,28
2004,09	4,13
2004,1	4,10
2004,11	4,19
2004,12	4,23
2005,01	4,22
2005,02	4,17
2005,03	4,50
2005,04	4,34
2005,05	4,14
2005,06	4,00
2005,07	4,18
2005,08	4,26
2005,09	4,20
2005,1	4,46
2005,11	4,54
2005,12	4,47
2006,01	4,42
2006,02	4,57
2006,03	4,72
2006,04	4,99
2006,05	5,11
2006,06	5,11
2006,07	5,09
2006,08	4,88
2006,09	4,72
2006,1	4,73
2006,11	4,60
2006,12	4,56
2007,01	4,76
2007,02	4,72
2007,03	4,56
2007,04	4,69
2007,05	4,75
2007,06	5,10
2007,07	5,00
2007,08	4,67
2007,09	4,52
2007,1	4,53
2007,11	4,15
2007,12	4,10
2008,01	3,74
2008,02	3,74
2008,03	3,51
2008,04	3,68
2008,05	3,88
2008,06	4,10
2008,07	4,01
2008,08	3,89
2008,09	3,69
2008,1	3,81
2008,11	3,53
2008,12	2,42
2009,01	2,52
2009,02	2,87
2009,03	2,82
2009,04	2,93
2009,05	3,29
2009,06	3,72
2009,07	3,56
2009,08	3,59
2009,09	3,40
2009,1	3,39
2009,11	3,40
2009,12	3,59
2010,01	3,73
2010,02	3,69
2010,03	3,73
2010,04	3,85
2010,05	3,42
2010,06	3,20
2010,07	3,01
2010,08	2,70
2010,09	2,65
2010,1	2,54
2010,11	2,76
2010,12	3,29
2011,01	3,39
2011,02	3,58
2011,03	3,41
2011,04	3,46
2011,05	3,17
2011,06	3,00
2011,07	3,00
2011,08	2,30
2011,09	1,98
2011,1	2,15
2011,11	2,01
2011,12	1,98
2012,01	1,97
2012,02	1,97
2012,03	2,17
2012,04	2,05
2012,05	1,80
2012,06	1,62
2012,07	1,53
2012,08	1,68
2012,09	1,72
2012,1	1,75
2012,11	1,65
2012,12	1,72
2013,01	1,91
2013,02	1,98
2013,03	1,96
2013,04	1,76
2013,05	1,93
2013,06	2,30
2013,07	2,58
2013,08	2,74
2013,09	2,81
2013,1	2,62
2013,11	2,72
2013,12	2,90
2014,01	2,86
2014,02	2,71
2014,03	2,72
2014,04	2,71
2014,05	2,56
2014,06	2,60
2014,07	2,54
2014,08	2,42
2014,09	2,53
2014,1	2,30
2014,11	2,33
2014,12	2,21
2015,01	1,88
2015,02	1,98
2015,03	2,04
2015,04	1,94
2015,05	2,20
2015,06	2,36
2015,07	2,32
2015,08	2,17
2015,09	2,17
2015,1	2,07
2015,11	2,26
2015,12	2,24
2016,01	2,09
2016,02	1,78
2016,03	1,89
2016,04	1,81
2016,05	1,81
2016,06	1,64
2016,07	1,50
2016,08	1,56
2016,09	1,63
2016,1	1,76
2016,11	2,14
2016,12	2,49
2017,01	2,43
2017,02	2,42
2017,03	2,48
2017,04	2,30
2017,05	2,30
2017,06	2,19
2017,07	2,32
2017,08	2,21
2017,09	2,20
2017,1	2,36
2017,11	2,35
2017,12	2,40
2018,01	2,58
2018,02	2,86
2018,03	2,84
2018,04	2,87
2018,05	2,98
2018,06	2,91
2018,07	2,89
2018,08	2,89
2018,09	3,00
2018,1	3,15
2018,11	3,12
2018,12	2,83
2019,01	2,71
2019,02	2,68
2019,03	2,57
2019,04	2,53
2019,05	2,40
2019,06	2,06
2019,07	1,63
2019,08	1,63
2019,09	1,70
2019,1	1,71
2019,11	1,81
2019,12	1,86
2020,01	1,76
2020,02	1,50
2020,03	0,87
2020,04	0,66
2020,05	0,67
2020,06	0,73
2020,07	0,62
2020,08	0,65
2020,09	0,68
2020,1	0,79
2020,11	0,87
2020,12	0,93
2021,01	1,08
2021,02	1,26
2021,03	1,61
2021,04	1,64
2021,05	1,62
2021,06	1,52
2021,07	1,32
2021,08	1,28
2021,09	1,37
2021,1	1,58
2021,11	1,56
2021,12	1,47
2022,01	1,76
2022,02	1,93
2022,03	2,13
2022,04	2,75
2022,05	2,90
2022,06	3,14
2022,07	2,90
2022,08	2,90
2022,09	3,52
2022,1	3,98
2022,11	3,89
2022,12	3,62
2023,01	3,53
2023,02	3,75
2023,03	3,66
2023,04	3,46
2023,05	3,57
2023,06	3,75
2023,07	3,90
2023,08	4,17
2023,09	4,38
2023,1	4,80
2023,11	4,50
2023,12	4,02
2024,01	4,06
2024,02	4,21
2024,03	4,21
2024,04	4,54
2024,05	4,48
2024,06	4,31
2024,07	4,25
2024,08	3,87
2024,09	3,72
2024,1	4,10
2024,11	4,36
2024,12	4,39
2025,01	4,63
2025,02	4,45
2025,03	4,28
2025,04	4,28
2025,05	4,42
2025,06	4,38
2025,07	4,39
2025,08	4,26
2025,09	4,12
2025,1	4,06
2025,11	4,09
2025,12	4,14
2026,01	4,21